Municipality,Year,crop,yield,season,Max_Wind_Kts,Min_Pres_mb,Duration_Hrs,Risk_Score
Ligao,2016,Rice,5.34,Dry,110,924,0,55
Ligao,2016,Rice,4.8,Wet,110,924,0,55
Ligao,2016,Corn,4.57,Dry,110,924,0,55
Ligao,2016,Corn,4.46,Wet,110,924,0,55
Malinao,2016,Rice,4.03,Dry,120,924,3,66
Malinao,2016,Rice,3.94,Wet,120,924,3,66
Malinao,2016,Corn,0,Dry,120,924,3,66
Malinao,2016,Corn,0,Wet,120,924,3,66
Oas,2016,Rice,4.8,Wet,110,924,0,55
Oas,2016,Rice,5.57,Dry,110,924,0,55
Oas,2016,Corn,4.62,Wet,110,924,0,55
Oas,2016,Corn,4.74,Dry,110,924,0,55
Pioduran,2016,Rice,2.95,Wet,0,1013,0,0
Pioduran,2016,Rice,3.68,Dry,0,1013,0,0
Pioduran,2016,Corn,4.32,Dry,0,1013,0,0
Pioduran,2016,Corn,4.21,Wet,0,1013,0,0
Polangui,2016,Rice,4.92,Dry,110,924,0,55
Polangui,2016,Rice,4.27,Wet,110,924,0,55
Polangui,2016,Corn,4.51,Dry,110,924,0,55
Polangui,2016,Corn,4.4,Wet,110,924,0,55
Ligao,2017,Rice,6.44,Dry,30,1002,0,15
Ligao,2017,Rice,6.44,Dry,30,1002,0,15
Ligao,2017,Corn,4.46,Wet,30,1002,0,15
Ligao,2017,Corn,4.57,Dry,30,1002,0,15
Malinao,2017,Rice,3.92,Wet,0,1013,0,0
Malinao,2017,Rice,3.65,Dry,0,1013,0,0
Malinao,2017,Corn,0,Wet,0,1013,0,0
Malinao,2017,Corn,0,Dry,0,1013,0,0
Oas,2017,Rice,5.48,Dry,30,1002,0,15
Oas,2017,Rice,4.16,Wet,30,1002,0,15
Oas,2017,Corn,4.74,Dry,30,1002,0,15
Oas,2017,Corn,4.62,Wet,30,1002,0,15
Pioduran,2017,Rice,3.26,Dry,30,1002,0,15
Pioduran,2017,Rice,2.61,Wet,30,1002,0,15
Pioduran,2017,Corn,4.32,Dry,30,1002,0,15
Pioduran,2017,Corn,4.21,Wet,30,1002,0,15
Polangui,2017,Rice,4.06,Wet,30,1002,0,15
Polangui,2017,Rice,5.48,Dry,30,1002,0,15
Polangui,2017,Corn,4.4,Wet,30,1002,0,15
Polangui,2017,Corn,4.51,Dry,30,1002,0,15
Ligao,2018,Rice,4.67,Wet,0,1013,0,0
Ligao,2018,Rice,10.1,Dry,0,1013,0,0
Ligao,2018,Corn,4.75,Dry,0,1013,0,0
Ligao,2018,Corn,4.63,Wet,0,1013,0,0
Malinao,2018,Rice,3.89,Dry,0,1013,0,0
Malinao,2018,Rice,4.07,Wet,0,1013,0,0
Malinao,2018,Corn,0,Dry,0,1013,0,0
Malinao,2018,Corn,0,Wet,0,1013,0,0
Oas,2018,Rice,5.34,Dry,0,1013,0,0
Oas,2018,Rice,4.18,Wet,0,1013,0,0
Oas,2018,Corn,4.05,Wet,0,1013,0,0
Oas,2018,Corn,4.15,Dry,0,1013,0,0
Pioduran,2018,Rice,3.35,Wet,0,1013,0,0
Pioduran,2018,Rice,3.59,Dry,0,1013,0,0
Pioduran,2018,Corn,3.75,Wet,0,1013,0,0
Pioduran,2018,Corn,3.85,Dry,0,1013,0,0
Polangui,2018,Rice,5.38,Dry,0,1013,0,0
Polangui,2018,Rice,5.21,Wet,0,1013,0,0
Polangui,2018,Corn,5.44,Dry,0,1013,0,0
Polangui,2018,Corn,5.3,Wet,0,1013,0,0
Ligao,2019,Rice,4.51,Dry,115,943,0,57.5
Ligao,2019,Rice,4.48,Wet,115,943,0,57.5
Ligao,2019,Corn,3.97,Dry,115,943,0,57.5
Ligao,2019,Corn,3.87,Wet,115,943,0,57.5
Malinao,2019,Rice,3.86,Wet,115,943,0,57.5
Malinao,2019,Rice,3.86,Dry,115,943,0,57.5
Malinao,2019,Corn,0,Wet,115,943,0,57.5
Malinao,2019,Corn,0,Dry,115,943,0,57.5
Oas,2019,Rice,4.6,Wet,115,943,0,57.5
Oas,2019,Rice,5.06,Dry,115,943,0,57.5
Oas,2019,Corn,4.74,Dry,115,943,0,57.5
Oas,2019,Corn,4.62,Wet,115,943,0,57.5
Pioduran,2019,Rice,2.96,Dry,115,943,0,57.5
Pioduran,2019,Rice,3.97,Wet,115,943,0,57.5
Pioduran,2019,Corn,3.95,Dry,115,943,0,57.5
Pioduran,2019,Corn,3.85,Wet,115,943,0,57.5
Polangui,2019,Rice,5.79,Dry,115,943,0,57.5
Polangui,2019,Rice,5.1,Wet,115,943,0,57.5
Polangui,2019,Corn,2.76,Wet,115,943,0,57.5
Polangui,2019,Corn,2.83,Dry,115,943,0,57.5
Ligao,2020,Rice,4.34,Wet,20,1006,0,10
Ligao,2020,Rice,4.34,Wet,130,932,0,65
Ligao,2020,Rice,4.34,Wet,70,984,0,35
Ligao,2020,Rice,4.34,Wet,0,1010,0,0
Ligao,2020,Rice,4.34,Wet,0,1010,3,6
Ligao,2020,Rice,5.06,Dry,20,1006,0,10
Ligao,2020,Rice,5.06,Dry,130,932,0,65
Ligao,2020,Rice,5.06,Dry,70,984,0,35
Ligao,2020,Rice,5.06,Dry,0,1010,0,0
Ligao,2020,Rice,5.06,Dry,0,1010,3,6
Ligao,2020,Corn,4.86,Wet,20,1006,0,10
Ligao,2020,Corn,4.86,Wet,130,932,0,65
Ligao,2020,Corn,4.86,Wet,70,984,0,35
Ligao,2020,Corn,4.86,Wet,0,1010,0,0
Ligao,2020,Corn,4.86,Wet,0,1010,3,6
Ligao,2020,Corn,4.98,Dry,20,1006,0,10
Ligao,2020,Corn,4.98,Dry,130,932,0,65
Ligao,2020,Corn,4.98,Dry,70,984,0,35
Ligao,2020,Corn,4.98,Dry,0,1010,0,0
Ligao,2020,Corn,4.98,Dry,0,1010,3,6
Malinao,2020,Rice,4.24,Dry,130,932,0,65
Malinao,2020,Rice,4.24,Dry,68,985,0,34
Malinao,2020,Rice,4.24,Dry,0,1010,0,0
Malinao,2020,Rice,4.24,Dry,0,1010,3,6
Malinao,2020,Rice,4.31,Wet,130,932,0,65
Malinao,2020,Rice,4.31,Wet,68,985,0,34
Malinao,2020,Rice,4.31,Wet,0,1010,0,0
Malinao,2020,Rice,4.31,Wet,0,1010,3,6
Malinao,2020,Corn,0,Dry,130,932,0,65
Malinao,2020,Corn,0,Dry,68,985,0,34
Malinao,2020,Corn,0,Dry,0,1010,0,0
Malinao,2020,Corn,0,Dry,0,1010,3,6
Malinao,2020,Corn,0,Wet,130,932,0,65
Malinao,2020,Corn,0,Wet,68,985,0,34
Malinao,2020,Corn,0,Wet,0,1010,0,0
Malinao,2020,Corn,0,Wet,0,1010,3,6
Oas,2020,Rice,5.22,Dry,20,1006,0,10
Oas,2020,Rice,5.22,Dry,130,932,0,65
Oas,2020,Rice,5.22,Dry,70,984,0,35
Oas,2020,Rice,5.22,Dry,0,1010,0,0
Oas,2020,Rice,5.22,Dry,0,1010,3,6
Oas,2020,Rice,5,Wet,20,1006,0,10
Oas,2020,Rice,5,Wet,130,932,0,65
Oas,2020,Rice,5,Wet,70,984,0,35
Oas,2020,Rice,5,Wet,0,1010,0,0
Oas,2020,Rice,5,Wet,0,1010,3,6
Oas,2020,Corn,6.19,Dry,20,1006,0,10
Oas,2020,Corn,6.19,Dry,130,932,0,65
Oas,2020,Corn,6.19,Dry,70,984,0,35
Oas,2020,Corn,6.19,Dry,0,1010,0,0
Oas,2020,Corn,6.19,Dry,0,1010,3,6
Oas,2020,Corn,6.04,Wet,20,1006,0,10
Oas,2020,Corn,6.04,Wet,130,932,0,65
Oas,2020,Corn,6.04,Wet,70,984,0,35
Oas,2020,Corn,6.04,Wet,0,1010,0,0
Oas,2020,Corn,6.04,Wet,0,1010,3,6
Pioduran,2020,Rice,2.49,Wet,20,1006,0,10
Pioduran,2020,Rice,2.49,Wet,70,984,0,35
Pioduran,2020,Rice,2.49,Wet,0,1010,0,0
Pioduran,2020,Rice,2.49,Wet,0,1010,0,0
Pioduran,2020,Rice,2.49,Wet,65,987,0,32.5
Pioduran,2020,Rice,3.02,Dry,20,1006,0,10
Pioduran,2020,Rice,3.02,Dry,70,984,0,35
Pioduran,2020,Rice,3.02,Dry,0,1010,0,0
Pioduran,2020,Rice,3.02,Dry,0,1010,0,0
Pioduran,2020,Rice,3.02,Dry,65,987,0,32.5
Pioduran,2020,Corn,3.85,Wet,20,1006,0,10
Pioduran,2020,Corn,3.85,Wet,70,984,0,35
Pioduran,2020,Corn,3.85,Wet,0,1010,0,0
Pioduran,2020,Corn,3.85,Wet,0,1010,0,0
Pioduran,2020,Corn,3.85,Wet,65,987,0,32.5
Pioduran,2020,Corn,3.95,Dry,20,1006,0,10
Pioduran,2020,Corn,3.95,Dry,70,984,0,35
Pioduran,2020,Corn,3.95,Dry,0,1010,0,0
Pioduran,2020,Corn,3.95,Dry,0,1010,0,0
Pioduran,2020,Corn,3.95,Dry,65,987,0,32.5
Polangui,2020,Rice,2.86,Wet,20,1006,0,10
Polangui,2020,Rice,2.86,Wet,130,932,0,65
Polangui,2020,Rice,2.86,Wet,70,984,0,35
Polangui,2020,Rice,2.86,Wet,0,1010,0,0
Polangui,2020,Rice,2.86,Wet,0,1010,3,6
Polangui,2020,Rice,5.52,Dry,20,1006,0,10
Polangui,2020,Rice,5.52,Dry,130,932,0,65
Polangui,2020,Rice,5.52,Dry,70,984,0,35
Polangui,2020,Rice,5.52,Dry,0,1010,0,0
Polangui,2020,Rice,5.52,Dry,0,1010,3,6
Polangui,2020,Corn,5.39,Dry,20,1006,0,10
Polangui,2020,Corn,5.39,Dry,130,932,0,65
Polangui,2020,Corn,5.39,Dry,70,984,0,35
Polangui,2020,Corn,5.39,Dry,0,1010,0,0
Polangui,2020,Corn,5.39,Dry,0,1010,3,6
Polangui,2020,Corn,5.26,Wet,20,1006,0,10
Polangui,2020,Corn,5.26,Wet,130,932,0,65
Polangui,2020,Corn,5.26,Wet,70,984,0,35
Polangui,2020,Corn,5.26,Wet,0,1010,0,0
Polangui,2020,Corn,5.26,Wet,0,1010,3,6
Ligao,2021,Rice,5,Dry,0,1010,0,0
Ligao,2021,Rice,4.3,Wet,0,1010,0,0
Ligao,2021,Corn,4.16,Dry,0,1010,0,0
Ligao,2021,Corn,4.06,Wet,0,1010,0,0
Malinao,2021,Rice,4.15,Dry,0,1010,0,0
Malinao,2021,Rice,3.97,Wet,0,1010,0,0
Malinao,2021,Corn,0,Wet,0,1010,0,0
Malinao,2021,Corn,0,Dry,0,1010,0,0
Oas,2021,Rice,4.4,Wet,0,1010,0,0
Oas,2021,Rice,4.75,Dry,0,1010,0,0
Oas,2021,Corn,4.42,Wet,0,1010,0,0
Oas,2021,Corn,4.53,Dry,0,1010,0,0
Pioduran,2021,Rice,4.11,Dry,0,1013,0,0
Pioduran,2021,Rice,4.45,Wet,0,1013,0,0
Pioduran,2021,Corn,5.05,Dry,0,1013,0,0
Pioduran,2021,Corn,4.92,Wet,0,1013,0,0
Polangui,2021,Rice,4.99,Dry,0,1010,0,0
Polangui,2021,Rice,5.25,Wet,0,1010,0,0
Polangui,2021,Corn,5.44,Wet,0,1010,0,0
Polangui,2021,Corn,5.58,Dry,0,1010,0,0
Ligao,2022,Rice,4.35,Wet,55,988,0,27.5
Ligao,2022,Rice,4.35,Dry,55,988,0,27.5
Ligao,2022,Corn,4.99,Wet,55,988,0,27.5
Ligao,2022,Corn,5.12,Dry,55,988,0,27.5
Malinao,2022,Rice,4.09,Wet,55,988,0,27.5
Malinao,2022,Rice,4.09,Dry,55,988,0,27.5
Malinao,2022,Corn,0,Dry,55,988,0,27.5
Malinao,2022,Corn,0,Wet,55,988,0,27.5
Oas,2022,Rice,4.14,Dry,0,1013,0,0
Oas,2022,Rice,4.14,Wet,0,1013,0,0
Oas,2022,Corn,6.14,Dry,0,1013,0,0
Oas,2022,Corn,5.99,Wet,0,1013,0,0
Pioduran,2022,Rice,3.9,Dry,0,1013,0,0
Pioduran,2022,Rice,3.9,Wet,0,1013,0,0
Pioduran,2022,Corn,4.88,Wet,0,1013,0,0
Pioduran,2022,Corn,5,Dry,0,1013,0,0
Polangui,2022,Rice,5.58,Wet,0,1013,0,0
Polangui,2022,Rice,5.59,Dry,0,1013,0,0
Polangui,2022,Corn,4.67,Wet,0,1013,0,0
Polangui,2022,Corn,4.79,Dry,0,1013,0,0
Ligao,2023,Rice,4.85,Dry,0,1010,0,0
Ligao,2023,Rice,4.85,Wet,0,1010,0,0
Ligao,2023,Corn,4.45,Dry,0,1010,0,0
Ligao,2023,Corn,4.34,Wet,0,1010,0,0
Malinao,2023,Rice,3.57,Dry,0,1010,6,12
Malinao,2023,Rice,3.57,Wet,0,1010,6,12
Malinao,2023,Corn,0,Wet,0,1010,6,12
Malinao,2023,Corn,0,Dry,0,1010,6,12
Oas,2023,Rice,5.04,Wet,0,1010,0,0
Oas,2023,Rice,5.04,Dry,0,1010,0,0
Oas,2023,Corn,4.2,Wet,0,1010,0,0
Oas,2023,Corn,4.31,Dry,0,1010,0,0
Pioduran,2023,Rice,4.23,Wet,0,1013,0,0
Pioduran,2023,Rice,4.23,Dry,0,1013,0,0
Pioduran,2023,Corn,3.9,Dry,0,1013,0,0
Pioduran,2023,Corn,3.8,Wet,0,1013,0,0
Polangui,2023,Rice,5.73,Dry,0,1010,6,12
Polangui,2023,Rice,5.73,Wet,0,1010,6,12
Polangui,2023,Corn,5.04,Dry,0,1010,6,12
Polangui,2023,Corn,4.91,Wet,0,1010,6,12
Ligao,2024,Corn,4.42,Wet,0,1013,0,0
Ligao,2024,Corn,4.53,Dry,0,1013,0,0
Malinao,2024,Rice,3.73,Wet,0,1013,0,0
Malinao,2024,Rice,4.44,Dry,0,1013,0,0
Malinao,2024,Corn,0,Wet,0,1013,0,0
Malinao,2024,Corn,0,Dry,0,1013,0,0
Oas,2024,Rice,4.72,Dry,0,1013,0,0
Oas,2024,Rice,4.24,Wet,0,1013,0,0
Oas,2024,Corn,3.26,Dry,0,1013,0,0
Oas,2024,Corn,3.18,Wet,0,1013,0,0
Pioduran,2024,Rice,2.06,Dry,0,1013,0,0
Pioduran,2024,Rice,3.89,Wet,0,1013,0,0
Pioduran,2024,Corn,4.33,Wet,0,1013,0,0
Pioduran,2024,Corn,4.44,Dry,0,1013,0,0
Polangui,2024,Rice,4.19,Wet,0,1013,0,0
Polangui,2024,Rice,6.9,Dry,0,1013,0,0
Polangui,2024,Corn,3.9,Wet,0,1013,0,0
Polangui,2024,Corn,4,Dry,0,1013,0,0
Ligao,2025,Rice,4.4,Wet,0,1013,0,0
Ligao,2025,Rice,4.92,Dry,0,1013,0,0
Ligao,2025,Corn,4.57,Dry,0,1013,0,0
Ligao,2025,Corn,4.46,Wet,0,1013,0,0
Malinao,2025,Rice,3.85,Dry,35,998,0,17.5
Malinao,2025,Rice,4.1,Wet,35,998,0,17.5
Malinao,2025,Corn,0,Dry,35,998,0,17.5
Malinao,2025,Corn,0,Wet,35,998,0,17.5
Oas,2025,Rice,4.88,Dry,0,1013,0,0
Oas,2025,Rice,3.98,Wet,0,1013,0,0
Oas,2025,Corn,4.46,Wet,0,1013,0,0
Oas,2025,Corn,4.57,Dry,0,1013,0,0
Pioduran,2025,Rice,3.7,Wet,0,1013,0,0
Pioduran,2025,Rice,4.09,Dry,0,1013,0,0
Pioduran,2025,Corn,4.31,Wet,0,1013,0,0
Pioduran,2025,Corn,4.42,Dry,0,1013,0,0
Polangui,2025,Rice,5.19,Dry,0,1013,0,0
Polangui,2025,Rice,3.99,Wet,0,1013,0,0
Polangui,2025,Corn,3.03,Dry,0,1013,0,0
Polangui,2025,Corn,2.95,Wet,0,1013,0,0
